Date,Name,Year,Letterboxd URI
2022-06-16,Hoop Dreams,1994,https://boxd.it/1Opc
2022-08-16,The Second Night,2016,https://boxd.it/eQ34
2022-08-16,Blissfully Yours,2002,https://boxd.it/LFu
2022-08-16,Uncle Boonmee Who Can Recall His Past Lives,2010,https://boxd.it/168Q
2022-08-16,Ten,2002,https://boxd.it/1NH0
2022-08-16,A Separation,2011,https://boxd.it/gvo
2022-08-16,Bad Luck Banging or Loony Porn,2021,https://boxd.it/tJOM
2022-08-16,After Life,1998,https://boxd.it/1HMI
2022-08-16,One Day Before the Rainy Season,1971,https://boxd.it/7SqA
2022-09-11,Streetwise,1984,https://boxd.it/XKw
2022-09-11,Araby,2017,https://boxd.it/fpKs
2022-09-11,Memories of Murder,2003,https://boxd.it/1TSo
2022-09-12,Funny Pages,2022,https://boxd.it/lrlm
2022-09-19,Pride & Prejudice,2005,https://boxd.it/24u8
2022-10-11,Entergalactic,2022,https://boxd.it/CPN4
2022-11-17,Suzhou River,2000,https://boxd.it/1Tsq
2022-11-18,Come and See,1985,https://boxd.it/1w9q
2022-11-21,J. Cole: 4 Your Eyez Only,2017,https://boxd.it/g3BU
2022-11-22,Haru,1996,https://boxd.it/7Lo8
2022-11-24,Kiss Kiss Bang Bang,2005,https://boxd.it/23c8
2022-11-25,Atonement,2007,https://boxd.it/24ui
2022-11-27,Another Round,2020,https://boxd.it/lkba
2022-11-28,The Hunt,2012,https://boxd.it/3wEC
2022-11-30,Trainspotting,1996,https://boxd.it/29XY
2022-12-01,Punch-Drunk Love,2002,https://boxd.it/20E4
2022-12-01,Searching for Sugar Man,2012,https://boxd.it/2Y3s
2022-12-02,Persepolis,2007,https://boxd.it/27DC
2022-12-04,The Child,2005,https://boxd.it/1TJm
2022-12-08,La La Land,2016,https://boxd.it/a5fa
2022-12-08,About Time,2013,https://boxd.it/43bI
2022-12-13,About Love,2019,https://boxd.it/muha
2022-12-24,Son of the White Mare,1981,https://boxd.it/10f2
2022-12-30,Sound of Metal,2019,https://boxd.it/i7Q4
2022-12-31,Moonstruck,1987,https://boxd.it/27zg
2023-01-05,Soul,2020,https://boxd.it/ioLA
2023-01-08,After the Storm,2016,https://boxd.it/d0HY
2023-01-09,The Postman,1994,https://boxd.it/1URG
2023-01-21,Frances Ha,2012,https://boxd.it/41Xg
2023-01-26,Yi Yi,2000,https://boxd.it/1vCw
2023-01-30,Manchester by the Sea,2016,https://boxd.it/b2L0
2023-01-30,On the Count of Three,2021,https://boxd.it/tbfI
2023-02-12,Kung Fu Panda 2,2011,https://boxd.it/G36
2023-03-07,The End of the Tour,2015,https://boxd.it/7jIE
2023-03-08,The Green Ray,1986,https://boxd.it/t8W
2023-03-23,Triangle of Sadness,2022,https://boxd.it/hXlq
2023-04-11,Summer Wars,2009,https://boxd.it/1oDC
2023-04-11,Ghost in the Shell,1995,https://boxd.it/1YYc
2023-04-12,Tokyo Godfathers,2003,https://boxd.it/1Qg2
2023-04-12,Rye Lane,2023,https://boxd.it/DIyy
2023-05-14,Oldboy,2003,https://boxd.it/29R2
2023-06-08,Fireworks,1997,https://boxd.it/22mQ
2023-06-08,Life and Debt,2001,https://boxd.it/1DJU
2023-06-12,Spider-Man: Across the Spider-Verse,2023,https://boxd.it/kSz4
2023-06-20,Fast X,2023,https://boxd.it/drIu
2023-08-03,Barbie,2023,https://boxd.it/bCLK
2023-08-28,A Bronx Tale,1993,https://boxd.it/28uQ
2023-09-02,"Crazy, Stupid, Love.",2011,https://boxd.it/D9A
2023-09-04,GoodFellas,1990,https://boxd.it/29FA
2023-09-10,The Nun II,2023,https://boxd.it/AyRY
2023-09-10,BEEF,2023,https://boxd.it/FPsm
2023-09-15,Normal People,2020,https://boxd.it/q2VY
2023-09-24,Bottoms,2023,https://boxd.it/uGf2
2023-09-29,The Lobster,2015,https://boxd.it/7tnw
2023-10-01,When Harry Met Sally...,1989,https://boxd.it/29W2
2023-10-03,Cha Cha Real Smooth,2022,https://boxd.it/uF8E
2023-10-03,Hacksaw Ridge,2016,https://boxd.it/azew
2023-10-03,20th Century Girl,2022,https://boxd.it/w9ea
2023-10-05,Shithouse,2020,https://boxd.it/nCFc
2023-10-16,Moonrise Kingdom,2012,https://boxd.it/2Wng
2023-11-04,Raging Bull,1980,https://boxd.it/28yI
2023-11-05,Dog Day Afternoon,1975,https://boxd.it/29bg
2023-11-06,Grave of the Fireflies,1988,https://boxd.it/1RUM
2023-11-06,Nobody Knows,2004,https://boxd.it/26E0
2023-11-11,Adaptation.,2002,https://boxd.it/26mA
2023-11-23,Omar,2013,https://boxd.it/5Fv4
2023-11-24,13 Going on 30,2004,https://boxd.it/1X6e
2023-11-26,The Perks of Being a Wallflower,2012,https://boxd.it/2ZA8
2023-12-15,Yeh Jawaani Hai Deewani,2013,https://boxd.it/5Cmo
2023-12-25,Aftersun,2022,https://boxd.it/Arw0
2024-01-03,Columbus,2017,https://boxd.it/eCuA
2024-01-04,The Boy and the Heron,2023,https://boxd.it/ipeM
2024-01-05,Teenage Mutant Ninja Turtles: Mutant Mayhem,2023,https://boxd.it/mK0a
2024-01-26,Drinking Buddies,2013,https://boxd.it/5jhk
2024-01-29,The Vow,2012,https://boxd.it/2o4Y
2024-02-09,The Edge of Heaven,2007,https://boxd.it/27D8
2024-03-02,Beau Travail,1999,https://boxd.it/1NI8
2024-03-03,Passages,2023,https://boxd.it/xX9c
2024-03-27,50/50,2011,https://boxd.it/10Tw
2024-03-29,How to Have Sex,2023,https://boxd.it/EFIM
2024-03-31,The Sweet East,2023,https://boxd.it/CcHw
2024-04-30,Eternal Sunshine of the Spotless Mind,2004,https://boxd.it/6YK
